Name,Developer,Rating,Link
ChatGPT,OpenAI,4.7,https://play.google.com/store/apps/details?id=com.openai.chatgpt
Talkie: AI Character Chat,SUBSUP,4.6,https://play.google.com/store/apps/details?id=com.weaver.app.prod
Character AI: AI-Powered Chat,Character.AI,4.5,https://play.google.com/store/apps/details?id=ai.character.app
Bing: Chat with AI & GPT-4,Microsoft Corporation,4.5,https://play.google.com/store/apps/details?id=com.microsoft.bing
Microsoft Copilot,Microsoft Corporation,4.6,https://play.google.com/store/apps/details?id=com.microsoft.copilot
Poly.AI - Create AI Chat Bot,CLOUD WHALE INTERACTIVE TECHNOLOGY LLC.,3.9,https://play.google.com/store/apps/details?id=ai.socialapps.speakmaster
Ask AI - Chat with AI Chatbot,Codeway Dijital,4.1,https://play.google.com/store/apps/details?id=com.codeway.chatapp
Replika: My AI Friend,"Luka, Inc",3.8,https://play.google.com/store/apps/details?id=ai.replika.app
Question.AI - Mathe-Löser,D3 DIMENSION TECHNOLOGY PTE.LTD.,4.8,https://play.google.com/store/apps/details?id=com.qianfan.aihomework
AI Art Generator - AI Filter,TAPUNIVERSE,3.9,https://play.google.com/store/apps/details?id=com.tapuniverse.aiartgenerator
WOMBO Dream - AI Art Generator,Wombo Studios Inc,3.6,https://play.google.com/store/apps/details?id=com.womboai.wombodream
"Pi, Your Personal AI Assistant",Inflection AI,4.5,https://play.google.com/store/apps/details?id=ai.inflection.pi
Poe - Fast AI Chat,"Quora, Inc.",4.7,https://play.google.com/store/apps/details?id=com.poe.android
Hi.AI - Chat With AI Character,Hi.AI Studio,4.2,https://play.google.com/store/apps/details?id=com.baiyu.yutang
Chai: Chat AI Platform,Chai Research Corp.,4.3,https://play.google.com/store/apps/details?id=com.Beauchamp.Messenger.external
ChatOn - AI Chat Bot Assistant,AIBY Inc.,4.4,https://play.google.com/store/apps/details?id=ai.chat.gpt.bot
AI Chatbot & AI Writer - Spark,Spark AI,4.2,https://play.google.com/store/apps/details?id=ai.spark.chatbot
Gencraft - AI Art Generator,Gencraft,4.2,https://play.google.com/store/apps/details?id=com.gencraftandroid
Remix: AI Image Generator,RemixAI,3.5,https://play.google.com/store/apps/details?id=me.easy.remix
Genesia - AI Friend & Partner,Codeway Dijital,3.6,https://play.google.com/store/apps/details?id=com.codeway.AIFriend
Perplexity - Ask Anything,PerplexityAI,4.7,https://play.google.com/store/apps/details?id=ai.perplexity.app.android
Google Gemini,Google LLC,4.4,https://play.google.com/store/apps/details?id=com.google.android.apps.bard
Paradot: Personal AI chat,WITHFEELING.AI,4,https://play.google.com/store/apps/details?id=com.withfeelingai.test
Dopple.AI,Dopple,4.5,https://play.google.com/store/apps/details?id=mobile.dopple.ai
Virbo-AI Video & AI Generator,WONDERSHARE GLOBAL LIMITED,4.4,https://play.google.com/store/apps/details?id=com.virtual.video.i18n
EVA AI Chat Bot & Soulmate,Novi Limited,3.8,https://play.google.com/store/apps/details?id=com.ifriend.app
ARTA - AI Photo Generator,AIBY Inc.,4,https://play.google.com/store/apps/details?id=ai.generated.art.maker.image.picture.photo.generator.painting
AI Tales: Story Adventure RPG,Dmytro Ishchenko,3.6,https://play.google.com/store/apps/details?id=com.feynmanapps.aitales
Photoleap: Photo Editor/AI Art,Lightricks Ltd.,4,https://play.google.com/store/apps/details?id=com.lightricks.photoleap
AI Dungeon,Latitude Inc.,4,https://play.google.com/store/apps/details?id=com.aidungeon
"Lensa: AI photo editor, camera","Prisma Labs, Inc.",3.9,https://play.google.com/store/apps/details?id=com.lensa.app
Otter: Transcribe Voice Notes,Otter.ai,3.6,https://play.google.com/store/apps/details?id=com.aisense.otter
Learn AI & ML with Python,Coding and Programming,3.8,https://play.google.com/store/apps/details?id=ai.artificialintelligence.artificial.intelligence.programming.learn.coding.robotics.leanai
AI Chatbot - Nova,ScaleUp,4.2,https://play.google.com/store/apps/details?id=com.scaleup.chatai
Chat AI - Ask Anything,ElevenThirteen,4.6,https://play.google.com/store/apps/details?id=com.chat.gtp
Chatbot 4o AI Chat - Genie,APPNATION AS,4.2,https://play.google.com/store/apps/details?id=co.appnation.geniechat
Next AI - No limit to ask,"GPT AI Technology Co., Ltd.",3.8,https://play.google.com/store/apps/details?id=gpt.ai.chat
Microsoft SwiftKey AI Keyboard,SwiftKey,4.6,https://play.google.com/store/apps/details?id=com.touchtype.swiftkey
Mentor AI - Ask Chatbot & Art,Pati Game Studio,3.7,https://play.google.com/store/apps/details?id=com.PatiGameStudio.MentorAI
Kindroid: AI Companion Chat,Kindroid,4.5,https://play.google.com/store/apps/details?id=com.kindroid.app
AI Chat - Ask AI Anything,AI Chat & AI Assistant & AI Character,4.3,https://play.google.com/store/apps/details?id=chat.ai.assistant.gpt.chatbot
AI Chat - Your AI Friend,Aiway LLP,4.1,https://play.google.com/store/apps/details?id=com.ai.chat.artificial.intelligence.aichat
Univerbal - AI Language Tutor,Quazel,4.6,https://play.google.com/store/apps/details?id=com.chatexpo
SeaArt: AI Art Generator,SeaArt,,https://play.google.com/store/apps/details?id=ai.seaart.app.global
FYI.AI,FYI.me,,https://play.google.com/store/apps/details?id=com.xuper.chat.app
AI Cover & AI Music - Melodia,APPNATION AS,4.3,https://play.google.com/store/apps/details?id=co.appnation.aimusic
Smart Writer: AI Writer,Markedo,4.1,https://play.google.com/store/apps/details?id=com.smartwriter.smart_writer
AI Art Image Generator – GoArt,AI Art Photo Editor | Everimaging Ltd.,3.8,https://play.google.com/store/apps/details?id=com.everimaging.goart
niji・journey - AI Anime Art,Spellbrush,3.8,https://play.google.com/store/apps/details?id=com.spellbrush.nijijourney
AI Chat build on GPTalk & GPT4,VIDEOSHOW Video Editor & Maker & AI Chat Generator,4.6,https://play.google.com/store/apps/details?id=com.facebook.videodownload.videodownloaderforfacebook
AI Mirror: AI Art Photo Editor,POLYVERSE INC.,3.7,https://play.google.com/store/apps/details?id=com.ai.polyverse.mirror
AI Chat & AI Writer - Genie,Appfinity.,4.3,https://play.google.com/store/apps/details?id=ai.content.generator.writer.assistant
AI Cover & Songs: Music AI,FERASET,3.5,https://play.google.com/store/apps/details?id=com.feraset.tune
Wonder - AI Art Generator,Codeway Dijital,3.1,https://play.google.com/store/apps/details?id=com.codeway.wonder
Genius AI Chat & AI Writer,ITIFY,3.3,https://play.google.com/store/apps/details?id=net.itify.aichat
4o Chatbot AI Chat Assistant,Reflective Technologies,4.3,https://play.google.com/store/apps/details?id=ai.chat.pro.plus.smart.chatbot.ai.writing.tool
Chat AI: AI Chat Bot Assistant,SEA MOBILE LTD,4.7,https://play.google.com/store/apps/details?id=com.ai.chat.bot.aichat
AI Chat - AI Chatbot Assistant,Sage AI,4.5,https://play.google.com/store/apps/details?id=ai.chat.gpt.app
MixerBox AI: Chat AI Browser,MB Tools,4.4,https://play.google.com/store/apps/details?id=com.mixerbox.browser
IMGIT: AI Art & Avatar Creator,Imgit AI art generator,4,https://play.google.com/store/apps/details?id=ai.imgit.art_generator
AI Writer Copilot: NexBot Chat,Stackwares,3.8,https://play.google.com/store/apps/details?id=com.nexbot.app
Popstarz.ai: AI Voice Karaoke,mayk inc,,https://play.google.com/store/apps/details?id=it.mayk.popstar
CloneAI: AI Video Generator,Pixery Bilgi Teknolojileri,2.2,https://play.google.com/store/apps/details?id=com.pixerylabs.cloneai
ChatBox: AI Chat Bot Assistant,FLORATE LIMITED,4.5,https://play.google.com/store/apps/details?id=chatgpt.ai.chatbot.open.chat.gpt.bot.writer.assistant
Voice & Face Cloning: Clony AI,AI Companion,4,https://play.google.com/store/apps/details?id=com.voicecopy.app
AI Game Master - Dungeon RPG,Digital Dynasty Entertainment,3.9,https://play.google.com/store/apps/details?id=com.aisuccess.ai_game_master
Artisse - Realistic AI Photos,Artisse,4,https://play.google.com/store/apps/details?id=com.atrisse.app.android
DaVinci - AI Photo Generator,HubX,3.2,https://play.google.com/store/apps/details?id=com.hubx.imagination
Athena AI Life AdvisorGPT,Athena AI Ventures Inc,,https://play.google.com/store/apps/details?id=app.athenaai
"Wysa: Anxiety, therapy chatbot",Touchkin,4.6,https://play.google.com/store/apps/details?id=bot.touchkin
Dawn AI - Avatar Generator,Splice Video Editor,2.4,https://play.google.com/store/apps/details?id=com.bendingspoons.dawn.ai
Momo - AI Photo Generator,ScaleUp,3.8,https://play.google.com/store/apps/details?id=com.scaleup.dreame
Oji: AI Avatar Photo Generator,Prequel Inc.,2.7,https://play.google.com/store/apps/details?id=com.prequelapp.oji
AI Voice Chat Bot: Open Wisdom,Kalrom Systems LTD,4.6,https://play.google.com/store/apps/details?id=com.KalromSystems.VoiceChatGPT
Imagine: AI Art Generator,Vyro AI,3.6,https://play.google.com/store/apps/details?id=com.vyroai.aiart
Goat Chat - Your AI Chatbot,Adaptive Plus inc.,4.4,https://play.google.com/store/apps/details?id=plus.adaptive.goatchat
StudySmarter: Study & revision,Vaia,4.3,https://play.google.com/store/apps/details?id=com.studysmarter
Avatarro: AI Avatar Maker,KallosSoft,4.6,https://play.google.com/store/apps/details?id=kallossoft.avatar
Kajiwoto AI Friend Companions,Kajiwoto,2.9,https://play.google.com/store/apps/details?id=com.cho.kajiwoto
Chatbot AI & Smart Assistant,Codespace Dijital,4.3,https://play.google.com/store/apps/details?id=com.codespaceapps.aichat
VIMAGE - AI Photo Animation,vimage,4.4,https://play.google.com/store/apps/details?id=com.vimage.android
Chatbot AI - Chat Ask AI GPT-4,AppLab Kamil Piekarz,4.4,https://play.google.com/store/apps/details?id=com.intelli.app
Meitu-Photo Editor & AI Art,Meitu (China) Limited,4.6,https://play.google.com/store/apps/details?id=com.mt.mtxx.mtxx
Chat AI Bot on GPT 4o - Gooroo,Spark Dynamics,5,https://play.google.com/store/apps/details?id=chat.bot.ai_assistant.ask.ai.tutor.talk.text.math.helper.chat_on.translate
monAI - AI Art Generator,Tesseract Mobile LLC,4.2,https://play.google.com/store/apps/details?id=com.tesseractmobile.aiart
Learn & Speak English Praktika,Praktika.ai Company,4.8,https://play.google.com/store/apps/details?id=ai.praktika.android
Photo Lab Picture Editor & Art,Linerock Investments LTD,4.5,https://play.google.com/store/apps/details?id=vsin.t16_funny_photo
Opera browser beta with AI,Opera,4.4,https://play.google.com/store/apps/details?id=com.opera.browser.beta
AI Chat Open Assistant Chatbot,Smart Widget Labs Co Ltd,4.3,https://play.google.com/store/apps/details?id=com.smartwidgetlabs.chatgpt
Lover AI,HeartSync AI LLC,4,https://play.google.com/store/apps/details?id=com.heartsync.lover.ai.chatbot
ai LaMo: Learn AI & Chat GPT,aiLaMo,4.3,https://play.google.com/store/apps/details?id=com.ailamo.ailamo
Anima: AI Friend & Companion,Anima AI Ltd,3.9,https://play.google.com/store/apps/details?id=anima.virtual.ai.robot.friend
Chat AI: AI Chatbot App,iKame Applications - Begamob Global,4.5,https://play.google.com/store/apps/details?id=com.chatbot.ai.aichat.openaibot.chat
AI Photo Editor - AI Morph,Daily Joy Studio,4,https://play.google.com/store/apps/details?id=photoeditor.aiart.animefilter.snapai
BeautyCam-AI Photo Editor,Meitu (China) Limited,4.1,https://play.google.com/store/apps/details?id=com.meitu.meiyancamera
AI Video Editor & Maker: Vidma,Vidma Video Studio,4.5,https://play.google.com/store/apps/details?id=vidma.video.editor.videomaker
AI Art Generator DrawShow,VIDEOSHOW Video Editor & Maker & AI Chat Generator,3.8,https://play.google.com/store/apps/details?id=com.energysh.quickarte
Seeing AI,Microsoft Corporation,4,https://play.google.com/store/apps/details?id=com.microsoft.seeingai
AI Writer: Chatbot Assistant,Revoto,3.5,https://play.google.com/store/apps/details?id=com.content.writing.assistant.ai
Spark Mail – AI Email Inbox,Spark Mail App,3.8,https://play.google.com/store/apps/details?id=com.readdle.spark
LightX AI Photo Editor Retouch,AndOr Communications Pvt Ltd,4.2,https://play.google.com/store/apps/details?id=com.lightx
UPDF - AI-Powered PDF Editor,"Superace Software Technology Co., Ltd.",2.9,https://play.google.com/store/apps/details?id=com.superace.updf
Anime AI - Photo Maker,Brilliant Games Private Ltd.,3.7,https://play.google.com/store/apps/details?id=ai.art.generated.drawing.anime.photo.dream
AI Chat Assistant - AI Chatbot,Halberd Security Solutions,,https://play.google.com/store/apps/details?id=com.halberd.aiassistant
AI Video Editor: ShotCut AI,Shotcut Video Workshop,4.5,https://play.google.com/store/apps/details?id=video.editor.videomaker.effects.fx
Chat & Ask AI by ChatArt,chao yan,3.2,https://play.google.com/store/apps/details?id=com.chaoyan.chatai
TruMate - Virtual AI Friend,AI Design Labs,4,https://play.google.com/store/apps/details?id=com.aichatbot.aimate
MeChat - Interactive Stories,PlayMe Studio,3.8,https://play.google.com/store/apps/details?id=world.playme.mechat
LightCut -AI Auto Video Editor,LightCut Inc.,4.7,https://play.google.com/store/apps/details?id=com.lightcut.videoeditor
Wave - AI Chat With ChatGPT,Wave AI Tech Inc.,4.5,https://play.google.com/store/apps/details?id=wave.ai.browser
Speak - Language Learning,Speakeasy Labs,4.2,https://play.google.com/store/apps/details?id=com.selabs.speak
FaceApp: Perfect Face Editor,FaceApp Technology Ltd,4.4,https://play.google.com/store/apps/details?id=io.faceapp
Chat AI - Ask AI anything,"AI Chat Bot, Ask AI",4.4,https://play.google.com/store/apps/details?id=com.benben.bah.openal
AI Chat - Chatbot AI Assistant,SmartSoft Apps,4.5,https://play.google.com/store/apps/details?id=org.chatai.ai.chat
CheckMath - AI Question Solver,Study Evolution Edtech,3.9,https://play.google.com/store/apps/details?id=com.studyevolution.android.anemo
Alice:Adventurous Character AI,SOLARSPACE TECHNOLOGY,3.8,https://play.google.com/store/apps/details?id=com.construct.alice
Mimic - AI Photo Face Animator,ScaleUp,3.8,https://play.google.com/store/apps/details?id=com.magiclabs.mimic
Mirror Avatar stickers creator,Mirror AI,4.2,https://play.google.com/store/apps/details?id=com.mirrorai.app
Remini - AI Photo Enhancer,Bending Spoons,4,https://play.google.com/store/apps/details?id=com.bigwinepot.nwdn.international
AI Art Generator - AI Yearbook,Smart AI DEV,3.1,https://play.google.com/store/apps/details?id=ai.art.generator.paint.draw.photo
InShot - Video Editor & Maker,InShot Video Editor,4.9,https://play.google.com/store/apps/details?id=com.camerasideas.instashot
"Picsart AI Photo Editor, Video","PicsArt, Inc.",4,https://play.google.com/store/apps/details?id=com.picsart.studio
Retouch - Remove Objects,InShot Inc.,4.8,https://play.google.com/store/apps/details?id=photoeditor.photoretouch.removeobjects.retouch
Open Chat - AI bot app,AceTools Team,4.6,https://play.google.com/store/apps/details?id=open.chat.gpt.aichat.bot.free.app
Grammarly-AI Writing Assistant,"Grammarly, Inc.",3.7,https://play.google.com/store/apps/details?id=com.grammarly.android.keyboard
CapCut - Video Editor,Bytedance Pte. Ltd.,4.4,https://play.google.com/store/apps/details?id=com.lemon.lvoverseas
Zoomerang - Ai Video Maker,"Zoomerang, Inc.",4.6,https://play.google.com/store/apps/details?id=com.yantech.zoomerang
PowerChat AI,Custom Solutions,4.2,https://play.google.com/store/apps/details?id=com.customsolutions.gptapp
My AI - Chatbot Assistant,Red Circle Apps,4,https://play.google.com/store/apps/details?id=com.mygpt
Naver Papago - AI Translator,NAVER Corp.,4.4,https://play.google.com/store/apps/details?id=com.naver.labs.translator
ASKWay-AI Chat&Assistants,ASKWay Developer,4.6,https://play.google.com/store/apps/details?id=ai.askway.com
Photoroom AI Photo Editor,Photoroom AI Photo Editor,4.5,https://play.google.com/store/apps/details?id=com.photoroom.app
Artist AI: Image Art Generator,LeoStudio Global Ltd.,4.3,https://play.google.com/store/apps/details?id=ai.generated.art.photo
RolePlai - Ai Chat Bot,RolePlai,4,https://play.google.com/store/apps/details?id=com.roleplai.app
AI Chat Bot: Writing Assistant,CA Publishing,2.9,https://play.google.com/store/apps/details?id=com.chat.gpt.ai.assistant
Botify AI: Create. Chat. Bot.,"Ex-human, Inc",3.9,https://play.google.com/store/apps/details?id=ai.botify.app
"Filmora：AI Video Editor, Maker",Wondershare Filmora,4.4,https://play.google.com/store/apps/details?id=com.wondershare.filmorago
AIGo - AI Chatbot with GPT,DevSect,3.6,https://play.google.com/store/apps/details?id=aichat.chatgpt
Quizlet: AI-powered Flashcards,Quizlet Inc.,4.4,https://play.google.com/store/apps/details?id=com.quizlet.quizletandroid
Sololearn: AI & Code Learning,Sololearn - Learn to Code,4.5,https://play.google.com/store/apps/details?id=com.sololearn
"AI Photo: Art, Profile Picture",Smart AI DEV,4,https://play.google.com/store/apps/details?id=com.ai.avatar.face.portrait.app
"Kyral: Imagine AI Art, Video",Generative AI Magic Tools By Appyhigh,4.1,https://play.google.com/store/apps/details?id=ai.photo.painting.art.generator
ASKI-AI ART Generator,Tap into Apps,4.2,https://play.google.com/store/apps/details?id=com.aski.chatgpt.ai.chatbot
Ask AI Plus - Chat with AI,JIAOZI TECH,4.1,https://play.google.com/store/apps/details?id=com.askaiplus.clientapp
Araby Ai,MVP Application and Game Design,2.9,https://play.google.com/store/apps/details?id=com.araby.ai
YouCam Perfect - Photo Editor,Perfect Mobile Corp. Photo & Video Beauty Editor,4.1,https://play.google.com/store/apps/details?id=com.cyberlink.youperfect
Waze Navigation & Live Traffic,Waze,4.2,https://play.google.com/store/apps/details?id=com.waze
Adobe Express: AI Video Design,Adobe,4.3,https://play.google.com/store/apps/details?id=com.adobe.spark.post
Ask Me Anything - AI Chatbot,EVOLLY.APP,4,https://play.google.com/store/apps/details?id=evolly.ai.chatbot.chatgpt
Spark AI,ASTARTO GROUP LTD,3.3,https://play.google.com/store/apps/details?id=ai.your.assistant.chats
SNOW - AI Profile,SNOW Corporation,4,https://play.google.com/store/apps/details?id=com.campmobile.snow
"ZEPETO: Avatar, Connect & Play",Naver Z Corporation,4.3,https://play.google.com/store/apps/details?id=me.zepeto.main
Binance: Buy Bitcoin & Crypto,Binance Inc.,4.6,https://play.google.com/store/apps/details?id=com.binance.dev
Moises: The Musician's App,Moises Systems,4.5,https://play.google.com/store/apps/details?id=ai.moises
BandLab – Music Making Studio,BandLab Technologies,4.6,https://play.google.com/store/apps/details?id=com.bandlab.bandlab
"BeautyPlus - Retouch, Filters",PIXOCIAL TECHNOLOGY (SINGAPORE) PTE. LTD.,4.4,https://play.google.com/store/apps/details?id=com.commsource.beautyplus
Magic AI Avatars,Magic AI Avatars,3.5,https://play.google.com/store/apps/details?id=com.ai.avatar
Chatty: AI Roleplay Characters,Cerasus Teknoloji ve Reklam Hizmetleri A.Ş.,2.3,https://play.google.com/store/apps/details?id=com.cerasus.aiexperts
Chat AI - AI Chatbot Assistant,msc slution,4.5,https://play.google.com/store/apps/details?id=com.msc.ai.chat.bot.aichat
AI Baby Generator: Face Maker,Wowoo AI,3.5,https://play.google.com/store/apps/details?id=uk.co.commonapps.apufuturebabyface
Peachy - AI Face & Body Editor,InShot Video Editor,4.9,https://play.google.com/store/apps/details?id=peachy.bodyeditor.faceapp
Avatarify: AI Face Animator,AvatarifyAI,4.3,https://play.google.com/store/apps/details?id=com.avatarify.android
Elysai: Talk to AI Friends,PromethistAI a.s.,4.2,https://play.google.com/store/apps/details?id=ai.flowstorm.poppy
SimSimi,SimSimi Inc.,4.1,https://play.google.com/store/apps/details?id=com.ismaker.android.simsimi
App Maker App Builder Appy Pie,Appy Pie LLP,3.9,https://play.google.com/store/apps/details?id=com.letsappbuilder
"AI Photo Editor, Collage-Fotor",AI Art Photo Editor | Everimaging Ltd.,4.5,https://play.google.com/store/apps/details?id=com.everimaging.photoeffectstudio
Chatbot AI 4o - Chat & Ask AI,Newway Apps,4.3,https://play.google.com/store/apps/details?id=newway.open.chatgpt.ai.chat.bot.free
Monica Chatbot AI Assistant,Butterfly Effect Limited,4.9,https://play.google.com/store/apps/details?id=im.monica.app.monica
王室風流史 - AI戀愛不騙人,Playmakers Interactive,4.3,https://play.google.com/store/apps/details?id=com.court.affairs.zh
聊天機器人,androidsuperior,3.5,https://play.google.com/store/apps/details?id=com.androidsuperior.chatrobot
Rochat-最強AI聊天機器人中文版,UPro.ai,2.1,https://play.google.com/store/apps/details?id=ai.rochat.bot
日日記 - AI聊天日記．心情追蹤．個人助理．智能好友,CMoney Inc,4.7,https://play.google.com/store/apps/details?id=com.cmoney.chatdiary
Chat AI Bot,ChatAIBot,4.9,https://play.google.com/store/apps/details?id=com.chatgpt.ai.bot.open.assistant
AI戀人朋友：約會、GPT,AIGoGoGo,3.6,https://play.google.com/store/apps/details?id=com.zc.dlchat